index, session_id
23297,326068
23302,326073
23303,326074
23304,326076
23305,326077
23307,326079
23308,326080
23309,326081
23310,326082
23311,326083
23312,326084
23313,326085
23316,326088
23317,326089
23319,326091
23320,326092
23321,326094
23322,326095
23323,326096
23328,326103
23329,326104
23330,326105
23331,326106
23333,326108
23334,326109
23336,326111
23338,326113
23340,326115
23342,326117
23344,326119
23345,326121
23346,326122
23349,326125
23350,326126
23352,326128
23353,326129
23356,326133
23357,326134
23359,326136
23362,326139
23363,326140
23365,326142
23366,326143
23367,326144
23370,326147
23371,326148
23372,326149
23373,326150
23378,326155
23379,326156
23382,326159
23383,326160
23387,326164
23388,326165
23389,326166
23390,326167
23391,326168
23392,326169
23393,326170
23396,326173
23397,326174
23399,326176
23402,326179
23403,326180
23405,326183
23406,326184
23408,326186
23409,326187
23410,326188
23412,326190
23414,326193
23416,326195
23419,326198
23420,326199
23421,326200
23424,326203
23431,326210
23434,326213
23435,326214
23436,326216
23441,326221
23442,326222
23443,326223
23444,326224
23445,326225
23447,326227
23449,326229
23450,326230
23451,326231
23453,326233
23454,326234
23455,326235
23456,326236
23459,326239
23460,326240
23463,326245
23465,326247
23466,326248
23469,326251
23473,326256
23474,326257
23475,326258
23477,326260
23478,326261
23479,326262
23480,326263
23481,326264
23483,326266
23485,326268
23486,326269
23491,326274
23492,326275
23493,326276
23498,326282
23500,326284
23506,326290
23507,326291
23509,326293
23512,326296
23514,326298
23515,326299
23523,326307
23524,326308
23526,326310
23527,326312
23528,326313
23531,326316
23534,326319
23535,326320
23536,326321
23537,326322
23538,326323
23539,326324
23540,326325
23541,326326
23542,326327
23543,326328
23544,326329
23545,326330
23546,326331
23548,326333
23549,326334
23550,326335
23551,326336
23552,326337
23555,326340
23556,326341
23557,326342
23558,326343
23560,326345
23561,326346
23562,326347
23563,326348
23565,326351
23566,326352
23567,326353
23568,326354
23570,326356
23572,326358
23573,326359
23576,326362
23580,326366
23581,326367
23582,326368
23584,326372
23585,326373
23586,326374
23588,326376
23593,326381
23594,326382
23595,326383
23596,326384
23597,326385
23598,326386
23599,326387
23600,326388
23602,326390
23605,326393
23607,326395
23611,326399
23615,326404
23616,326405
23619,326409
23620,326410
23621,326411
23622,326412
23625,326415
23626,326416
23627,326417
23629,326419
23633,326423
23634,326424
23635,326425
23639,326429
23642,326433
23643,326434
23646,326438
23647,326439
23648,326440
23649,326441
23651,326443
23653,326445
23655,326447
23657,326449
23658,326450
23659,326451
23660,326452
23661,326453
23662,326454
23663,326455
23665,326457
23666,326458
23667,326459
23670,326462
23671,326463
23673,326465
23676,326468
23680,326472
23681,326473
23682,326475
23683,326476
23684,326477
23685,326478
23690,326483
23691,326484
23692,326485
23696,326489
23698,326491
23701,326495
23703,326497
23705,326499
23706,326501
23710,326505
23713,326509
23714,326510
23715,326511
23718,326514
23722,326518
23730,326526
23732,326528
23735,326532
23736,326533
23737,326534
23740,326537
23741,326538
23742,326539
23746,326543
23747,326544
23749,326547
23752,326550
23756,326554
23757,326555
23758,326556
23759,326558
23760,326559
23761,326560
23762,326561
23764,326563
23765,326564
23766,326565
23767,326567
23768,326568
23769,326569
23770,326570
23771,326571
23772,326572
23774,326574
23775,326575
23776,326576
23778,326578
23779,326579
23781,326581
23782,326582
23784,326584
23785,326585
23786,326586
23787,326587
23788,326588
23789,326589
23790,326590
23792,326592
23793,326593
23794,326594
23799,326599
23800,326600
23801,326601
23803,326603
23804,326604
23806,326606
23809,326610
23810,326611
23811,326612
23812,326613
23816,326617
23817,326618
23822,326623
23825,326626
23826,326627
23827,326628
23829,326630
23830,326631
23832,326633
23833,326634
23834,326635
23838,326639
23839,326640
23841,326642
23842,326643
23843,326644
23844,326645
23845,326646
23847,326648
23848,326649
23849,326650
23850,326651
23851,326652
23852,326653
23853,326654
23854,326655
23856,326657
23857,326658
23859,326660
23860,326661
23861,326662
23867,326668
23868,326670
23869,326671
23870,326672
23872,326674
23874,326676
23875,326677
23878,326680
23907,326711
23912,326716
23914,326719
23915,326720
23917,326722
23918,326723
23924,326731
23925,326733
23927,326735
23928,326736
23930,326738
23931,326739
23932,326740
23933,326741
23934,326742
23935,326743
23936,326744
23937,326745
23938,326746
23940,326748
23941,326749
23942,326750
23944,326752
23947,326755
23948,326756
23949,326758
23950,326760
23951,326761
23953,326763
23954,326764
23956,326766
23957,326767
23960,326770
23961,326771
23964,326775
23965,326776
23971,326782
23972,326783
23973,326784
23974,326785
23978,326789
23979,326790
23981,326792
23982,326793
23984,326795
23985,326797
23986,326798
23988,326800
23989,326801
23991,326804
24001,326815
24002,326816
24007,326821
24008,326823
24010,326825
24012,326827
24013,326828
24017,326832
24018,326833
24019,326834
24020,326835
24021,326836
24023,326838
24024,326839
24026,326841
24027,326842
24029,326844
24030,326845
24031,326846
24032,326847
24033,326848
24034,326849
24037,326852
24039,326854
24041,326856
24043,326858
24044,326859
24047,326862
24049,326864
24050,326865
24051,326866
24052,326867
24055,326870
24056,326871
24057,326872
24061,326876
24062,326877
24063,326878
24066,326881
24069,326884
24072,326887
24073,326888
24075,326890
24076,326891
24078,326893
24081,326896
24083,326898
24084,326899
24085,326901
24086,326902
24089,326905
24090,326906
24091,326907
24092,326908
24093,326909
24094,326910
24095,326911
24096,326912
24099,326916
24100,326917
24101,326918
24102,326919
24103,326920
24105,326922
24106,326923
24108,326926
24109,326927
24110,326928
24111,326929
24113,326932
24115,326934
24116,326935
24118,326937
24122,326941
24123,326943
24131,326952
24132,326954
24133,326955
24134,326956
24135,326957
24138,326960
24140,326962
24141,326963
24143,326965
24146,326971
24149,326975
24150,326976
24151,326977
24152,326978
24153,326979
24155,326981
24156,326982
24157,326983
24158,326984
24160,326986
24162,326988
24167,326993
24168,326994
24169,326995
24170,326996
24172,326998
24174,327001
24175,327002
24183,327010
24187,327014
24190,327019
24191,327020
24195,327024
24196,327025
24197,327026
24198,327027
24199,327028
24200,327030
24201,327031
24202,327032
24203,327033
24205,327035
24206,327036
24210,327040
24212,327043
24214,327045
24215,327046
24216,327047
24220,327051
24222,327053
24223,327054
24224,327055
24227,327058
24228,327059
24229,327060
24232,327064
24238,327071
24239,327072
24241,327074
24245,327078
24246,327079
24261,327097
24262,327098
24263,327099
24264,327100
24265,327101
24268,327104
24269,327105
24270,327106
24273,327109
24274,327110
24275,327112
24278,327115
24284,327122
24290,327128
24293,327131
24295,327134
24296,327135
24297,327136
24298,327137
24299,327138
24300,327139
24302,327141
24307,327146
24311,327150
24312,327151
24314,327153
24316,327156
24320,327160
24321,327161
24322,327162
24325,327165
24326,327166
24330,327170
24331,327171
24333,327173
24334,327175
24335,327176
24337,327178
24338,327179
24339,327180
24342,327183
24343,327184
24345,327186
24346,327187
24352,327193
24353,327195
24354,327196
24355,327197
24358,327200
24359,327201
24360,327202
24361,327203
24364,327206
24365,327207
24366,327208
24369,327211
24370,327212
24371,327213
24372,327214
24373,327215
24375,327217
24376,327218
24377,327219
24378,327220
24379,327221
24381,327223
24382,327225
24383,327227
24384,327228
24385,327229
24392,327236
24394,327238
24395,327239
24396,327241
24397,327242
24399,327244
24401,327246
24404,327249
24405,327250
24407,327253
24409,327255
24412,327258
24413,327259
24415,327261
24416,327262
24417,327263
24418,327265
24421,327268
24422,327269
24423,327270
24428,327275
24429,327277
24430,327279
24431,327280
24432,327281
24433,327282
24434,327283
24435,327284
24437,327286
24438,327287
24440,327289
24441,327291
24444,327294
24448,327299
24450,327301
24452,327303
24453,327304
24456,327307
24458,327309
24461,327312
24462,327313
24464,327315
24467,327318
24469,327320
24470,327321
24471,327323
24472,327324
24473,327325
24474,327326
24477,327330
24478,327331
24479,327332
24480,327334
24483,327337
24484,327338
24485,327339
24486,327340
24487,327341
24488,327342
24490,327344
24491,327345
24493,327347
24494,327348
24497,327352
24498,327353
24500,327355
24507,327362
24509,327364
24510,327366
24511,327367
24512,327368
24514,327370
24515,327372
24534,327393
24535,327394
24539,327398
24540,327399
24541,327401
24543,327403
24546,327406
24547,327407
24548,327408
24551,327411
24554,327414
24555,327415
24556,327416
24558,327418
24561,327421
24563,327423
24564,327424
24566,327426
24567,327427
24568,327428
24571,327431
24572,327432
24574,327435
24575,327436
24577,327438
24581,327442
24582,327443
24583,327444
24589,327450
24592,327453
24595,327456
24596,327457
24597,327459
24598,327460
24600,327462
24601,327463
24602,327464
24603,327465
24604,327466
24605,327467
24606,327468
24607,327469
24609,327471
24610,327472
24615,327477
24616,327478
24618,327480
24620,327482
24625,327488
24638,327503
24640,327505
24641,327506
24642,327507
24651,327517
24652,327518
24653,327519
24654,327520
24658,327525
24659,327527
24660,327528
24662,327530
24663,327531
24665,327533
24667,327535
24669,327537
24671,327539
24673,327541
24675,327543
24677,327545
24679,327547
24681,327549
24682,327550
24685,327553
24692,327560
24693,327561
24695,327563
24696,327565
24697,327566
24703,327572
24704,327573
24705,327574
24708,327577
24711,327580
24712,327581
24713,327582
24715,327584
24716,327585
24717,327586
24718,327587
24719,327588
24720,327589
24721,327590
24722,327591
24723,327592
24724,327593
24726,327595
24729,327599
24732,327602
24734,327604
24736,327606
24738,327608
24740,327611
24741,327612
24743,327614
24745,327616
24746,327618
24747,327619
24748,327620
24750,327622
24752,327624
24754,327628
24755,327629
24757,327631
24761,327635
24762,327636
24768,327642
24769,327643
24774,327650
24775,327651
24776,327652
24777,327653
24778,327655
24781,327658
24788,327665
24790,327667
24791,327668
24792,327669
24794,327671
24798,327675
24799,327676
24804,327681
24807,327684
24808,327685
24810,327688
24811,327689
24814,327692
24819,327698
24820,327699
24822,327701
24823,327702
24824,327703
24825,327704
24827,327706
24828,327707
24829,327708
24834,327713
24835,327714
24836,327715
24837,327716
24838,327717
24839,327718
24840,327719
24841,327721
24847,327727
24850,327730
24851,327731
24853,327733
24862,327743
24863,327744
24868,327750
24872,327756
24882,327767
24885,327770
24889,327774
24890,327775
24891,327776
24893,327779
24909,327797
24919,327807
24925,327814
24926,327815
24927,327816
24931,327820
24932,327821
24934,327823
24936,327825
24938,327827
24939,327828
24940,327829
24941,327830
24942,327831
24945,327834
24947,327836
24950,327839
24951,327840
24952,327841
24958,327847
24959,327848
24961,327850
24962,327852
24963,327853
24967,327857
24969,327859
24970,327860
24971,327861
24972,327862
24973,327863
24974,327864
24976,327866
24977,327867
24978,327868
24979,327869
24980,327870
24981,327871
24986,327878
24987,327879
24989,327882
24990,327883
24991,327885
24994,327888
24996,327890
24997,327891
25000,327895
25003,327898
25004,327899
25005,327900
25006,327901
25008,327903
25009,327904
25010,327906
25012,327908
25014,327910
25015,327911
25016,327912
25017,327913
25019,327915
25026,327924
25027,327925
25032,327930
25036,327934
25037,327936
25042,327941
25043,327942
25046,327946
25047,327947
25049,327949
25052,327952
25060,327960
25062,327962
25063,327963
25065,327965
25066,327966
34396,338011
34397,338012
34399,338014
34401,338016
34403,338018
34404,338019
34405,338020
34406,338021
34407,338022
34408,338023
34410,338025
34411,338026
34412,338027
34416,338032
34417,338033
34419,338035
34421,338037
34424,338040
34425,338041
34426,338042
34427,338043
34428,338044
34430,338046
34431,338047
34432,338048
34433,338049
34435,338051
34436,338052
34438,338054
34441,338058
34442,338059
34443,338060
34444,338061
34445,338062
34446,338063
34448,338065
34449,338066
34451,338068
34453,338070
34454,338071
34455,338072
34456,338073
34457,338074
34459,338076
34460,338078
34461,338079
34463,338081
34464,338082
34465,338083
34467,338085
34468,338086
34473,338091
34474,338092
34475,338093
34476,338094
34477,338095
34478,338096
34479,338097
34480,338098
34481,338099
34483,338101
34485,338103
34486,338104
34488,338106
34490,338108
34491,338109
34492,338110
34494,338112
34495,338113
34496,338114
34497,338115
34498,338116
34500,338118
34505,338123
34506,338125
34508,338127
34509,338129
34510,338130
34511,338131
34515,338135
34516,338136
34517,338137
34519,338139
34521,338141
34522,338142
34523,338144
34524,338145
34527,338148
34529,338150
34531,338152
34534,338155
34536,338157
34537,338158
34539,338160
34540,338161
34541,338162
34542,338163
34543,338164
34544,338165
34545,338166
34547,338168
34551,338172
34552,338173
34554,338175
34556,338177
34557,338178
34558,338179
34560,338181
34563,338184
34565,338186
34566,338187
34568,338189
34571,338192
34572,338194
34573,338195
34574,338196
34577,338199
34578,338200
34581,338203
34583,338205
34586,338208
34591,338213
34593,338215
34594,338216
34595,338217
34598,338220
34599,338221
34600,338222
34602,338224
34603,338225
34604,338226
34605,338227
34606,338228
34607,338229
34608,338230
34609,338231
34610,338232
34611,338233
34612,338234
34613,338235
34614,338237
34616,338239
34619,338242
34620,338243
34621,338244
34622,338245
34631,338254
34632,338255
34636,338261
34637,338262
34640,338265
34643,338268
34645,338270
34648,338273
34650,338276
34653,338280
34656,338283
34657,338284
34658,338285
34663,338290
34665,338292
34666,338294
34667,338295
34669,338297
34674,338302
34677,338305
34678,338306
34680,338309
34683,338312
34684,338313
34690,338320
34693,338323
34694,338324
34695,338325
34696,338326
34698,338329
34701,338332
34705,338336
34706,338337
34707,338338
34708,338339
34711,338342
34714,338346
34715,338347
34716,338348
34717,338349
34719,338351
34720,338352
34721,338353
34723,338355
34726,338358
34727,338359
34728,338360
34729,338361
34730,338362
34731,338363
34733,338365
34734,338366
34736,338368
34737,338369
34738,338370
34740,338372
34741,338373
34742,338374
34745,338377
34748,338380
34749,338381
34750,338382
34751,338383
34752,338384
34753,338385
34764,338396
34770,338404
34771,338405
34773,338407
34774,338408
34778,338412
34781,338415
34785,338419
34787,338421
34788,338422
34790,338424
34791,338425
34794,338428
34796,338430
34800,338434
34801,338435
34805,338440
34806,338441
34807,338442
34808,338443
34812,338447
34815,338450
34816,338451
34817,338452
34818,338453
34823,338458
34824,338459
34826,338461
34828,338463
34830,338465
34832,338467
34833,338468
34834,338469
34835,338470
34836,338471
34837,338472
34838,338473
34839,338474
34841,338476
34843,338478
34844,338479
34845,338480
34846,338481
34847,338483
34849,338485
34851,338487
34852,338488
34853,338489
34856,338492
34857,338493
34858,338494
34859,338495
34860,338497
34861,338498
34863,338500
34864,338501
34865,338502
34869,338509
34870,338510
34871,338511
34872,338512
34873,338513
34874,338514
34877,338517
34878,338518
34881,338521
34882,338522
34885,338525
34888,338529
34895,338537
34896,338538
34897,338539
34898,338540
34901,338543
34903,338545
34904,338546
34909,338551
34914,338557
34915,338558
34919,338562
34924,338567
34926,338569
34927,338570
34928,338571
34931,338574
34932,338575
34940,338583
34942,338585
34944,338587
34946,338589
34947,338590
34949,338592
34951,338594
34952,338595
34955,338599
34956,338600
34957,338601
34958,338602
34959,338603
34962,338606
34963,338607
34964,338608
34966,338610
34968,338612
34969,338613
34970,338614
34975,338620
34977,338622
34978,338623
34980,338625
34981,338626
34982,338628
34983,338629
34984,338630
34985,338631
34990,338637
34991,338638
34992,338639
34995,338642
34996,338643
34997,338644
34998,338646
34999,338648
35000,338649
35001,338650
35004,338653
35005,338654
35006,338656
35007,338657
35009,338659
35010,338660
35011,338661
35012,338662
35014,338664
35016,338666
35019,338670
35021,338672
35022,338673
35023,338674
35024,338675
35025,338676
35029,338680
35030,338681
35032,338683
35033,338684
35037,338688
35043,338694
35044,338695
35048,338699
35050,338701
35051,338702
35053,338704
35054,338705
35055,338706
35057,338708
35058,338709
35059,338712
35061,338715
35064,338718
35065,338719
35066,338720
35073,338728
35074,338729
35075,338730
35077,338734
35081,338738
35082,338740
35085,338745
35086,338746
35087,338747
35092,338754
35098,338760
35100,338763
35101,338764
35102,338765
35103,338766
35106,338770
35109,338773
35111,338775
35112,338776
35114,338778
35115,338779
35116,338780
35118,338782
35120,338784
35122,338786
35125,338789
35126,338790
35127,338791
35129,338793
35130,338794
35131,338795
35132,338796
35133,338797
35134,338798
35135,338799
35136,338800
35137,338801
35141,338805
35142,338806
35144,338808
35145,338809
35147,338812
35150,338815
35151,338816
35155,338820
35159,338824
35160,338825
35164,338829
35165,338830
35166,338831
35167,338832
35168,338833
35169,338834
35170,338835
35171,338836
35172,338837
35173,338838
35174,338839
35175,338840
35176,338841
35182,338847
35193,338858
35197,338862
35198,338864
35199,338866
35203,338871
35205,338873
35208,338877
35211,338881
35215,338885
35216,338886
35217,338887
35218,338888
35219,338889
35221,338891
35222,338892
35223,338893
35225,338895
35226,338896
35230,338900
35231,338901
35232,338902
35233,338903
35234,338904
35237,338907
35238,338908
35239,338909
35241,338911
35242,338912
35246,338916
35247,338917
35252,338922
35253,338923
35254,338924
35256,338927
35259,338930
35263,338935
35264,338936
35265,338937
35266,338938
35267,338939
35269,338941
35270,338942
35271,338943
35274,338947
35275,338948
35277,338950
35278,338951
35280,338953
35281,338954
35283,338956
35286,338959
35287,338960
35289,338962
35290,338963
35293,338966
35294,338967
35295,338968
35296,338969
35297,338970
35298,338971
35299,338972
35302,338975
35306,338979
35308,338982
35312,338986
35313,338987
35314,338988
35317,338991
35318,338992
35322,338996
35326,339000
35334,339008
35335,339009
35336,339010
35339,339013
35344,339019
35345,339021
35346,339022
35347,339023
35348,339024
35350,339026
35351,339027
35352,339028
35353,339029
35358,339035
35359,339036
35360,339037
35361,339038
35364,339043
35368,339048
35370,339050
35371,339051
35374,339056
35375,339057
35376,339058
35381,339063
35384,339066
35387,339069
35389,339072
35390,339073
35391,339074
35393,339076
35394,339077
35395,339078
35396,339079
35397,339080
35399,339082
35403,339086
35404,339087
35405,339088
35406,339089
35407,339090
35408,339091
35409,339092
35410,339094
35411,339095
35412,339096
35416,339100
35417,339101
35420,339104
35421,339105
35422,339106
35424,339108
35427,339111
35432,339117
35435,339120
35437,339122
35438,339123
35440,339125
35441,339126
35442,339127
35444,339129
35446,339131
35447,339132
35449,339134
35450,339135
35451,339136
35453,339138
35456,339141
35457,339142
35458,339143
35460,339145
35461,339146
35462,339147
35463,339148
35464,339149
35465,339150
35466,339151
35468,339153
35472,339157
35473,339158
35474,339159
35475,339160
35479,339164
35482,339167
35484,339169
35485,339170
35487,339173
35489,339175
35491,339177
35492,339178
35493,339179
35495,339181
35496,339183
35497,339184
35498,339186
35502,339190
35505,339193
35506,339194
35508,339196
35519,339207
35520,339208
35522,339210
35523,339211
35525,339213
35527,339215
35528,339216
35531,339219
35532,339220
35536,339224
35540,339229
35541,339230
35543,339232
35544,339233
35545,339235
35548,339238
35549,339239
35550,339240
35551,339241
35555,339245
35556,339246
35560,339251
35562,339253
35563,339254
35564,339255
35565,339256
35567,339258
35568,339259
35569,339260
35570,339262
35571,339263
35573,339265
35574,339266
35575,339267
35576,339269
35577,339270
35578,339271
35579,339272
35580,339273
35581,339274
35582,339275
35584,339277
35587,339280
35594,339287
35599,339292
35601,339294
35603,339296
35608,339301
35609,339303
35615,339310
35616,339311
35617,339312
35619,339314
35622,339317
35626,339321
35630,339329
35631,339330
35632,339331
35634,339333
35637,339336
35638,339337
35641,339340
35642,339341
35643,339342
35645,339344
35646,339346
35648,339348
35649,339349
35654,339354
35660,339362
35662,339364
35666,339368
35667,339369
35669,339371
35670,339372
35673,339375
35674,339376
35678,339380
35680,339382
35683,339385
35684,339386
35687,339389
35689,339391
35690,339392
35702,339405
35703,339406
35706,339409
35707,339410
35712,339416
35713,339417
35718,339423
35719,339424
35720,339425
35721,339427
35722,339428
35724,339430
35725,339431
35726,339432
35727,339433
35728,339434
35730,339436
35732,339438
35733,339439
35735,339441
35736,339442
35738,339444
35739,339445
35743,339449
35744,339450
35745,339451
35746,339452
35747,339453
35748,339454
35749,339455
35750,339456
35753,339459
35756,339462
35757,339463
35759,339465
35760,339466
35761,339467
35767,339473
35769,339475
35771,339477
35772,339478
35773,339479
35775,339481
35776,339482
35778,339484
35779,339485
35784,339490
35785,339491
35786,339492
35788,339494
35789,339496
35791,339498
35795,339502
35796,339503
35798,339505
35800,339507
35801,339508
35804,339511
35806,339513
35807,339514
35808,339515
35809,339516
35811,339519
35813,339521
35818,339526
35819,339527
35820,339528
35822,339530
35824,339532
35825,339533
35828,339536
35832,339540
